Brenden Aaronson,592,797,7577,2182,346,423,150,195,25,65,2.6,46,47,16,4
George Abbott,1,1,8,0,1,1,0,0,0,0,0.0,0,0,0,0
Che Adams,330,498,4651,1042,205,278,78,118,26,37,2.2,24,21,11,2
Tyler Adams,1108,1343,16592,5061,607,686,390,460,63,107,1.0,24,110,13,0
Tosin Adarabioyo,1066,1300,22623,8478,265,307,653,735,136,223,0.5,6,96,7,0
Nayef Aguerd,599,763,12203,5332,224,244,287,335,82,169,0.3,6,37,4,0
Naouirou Ahamada,37,46,550,179,19,23,15,17,1,3,0.0,1,3,0,0
Rayan A?t-Nouri,470,578,7079,2353,268,300,169,205,20,32,0.9,7,29,14,5
Kristoffer Ajer,259,345,4480,1887,131,159,102,128,23,40,0.1,1,20,3,1
Manuel Akanji,1912,2056,32634,10258,867,902,903,945,117,166,1.0,7,140,3,1
Nathan Ak?,1639,1813,26199,8953,803,846,745,809,63,98,1.3,9,165,9,1
Marc Albrighton,89,148,1440,551,48,60,23,34,12,34,0.4,6,6,5,2
Thiago Alc?ntara,946,1097,17219,4988,433,466,346,392,136,172,1.3,17,110,20,1
Carlos Alcaraz,222,290,3147,669,114,137,80,95,8,19,0.7,5,20,6,0
Trent Alexander-Arnold,2188,2912,41590,16323,1000,1123,822,1045,331,642,9.1,71,239,82,28
Alisson,1241,1453,29043,18696,307,309,657,666,273,469,0.0,1,16,0,0
Dele Alli,12,15,123,10,6,8,4,5,0,0,0.0,0,2,0,0
Miguel Almir?n,811,982,10752,2657,513,567,223,276,29,40,3.0,26,45,36,4
Juli?n ?lvarez,395,503,5472,885,232,270,103,135,28,43,1.6,18,22,13,2
Daniel Amartey,1015,1114,17506,6591,442,473,498,526,62,91,0.4,5,58,1,0
Samuel Amo-Ameyaw,5,6,74,11,0,1,3,3,0,0,0.0,1,2,0,0
Joachim Andersen,1561,1972,36474,13911,346,391,927,1007,281,534,1.0,12,153,8,1
Elliot Anderson,150,198,2043,599,90,104,44,56,5,10,1.5,9,15,4,0
Jaidon Anthony,387,526,5818,1610,225,257,110,150,31,63,1.1,12,24,19,7
Michail Antonio,186,348,2663,501,114,168,55,108,12,31,0.8,15,12,8,2
Antony,651,819,8497,1915,439,495,146,197,31,51,2.4,28,29,33,2
Cameron Archer,8,12,108,44,5,5,3,5,0,0,0.0,0,2,0,0
Alphonse Areola,67,92,1737,1323,25,25,22,22,19,43,0.0,0,0,0,0
Joe Aribo,280,385,3591,907,187,240,66,87,9,12,0.5,9,20,9,0
Adam Armstrong,220,302,3235,585,120,146,71,89,13,23,0.8,11,13,10,2
Stuart Armstrong,531,676,8041,2224,296,341,189,226,29,55,2.8,18,47,32,7
Kepa Arrizabalaga,871,1046,19299,11448,287,289,390,395,190,357,0.0,0,6,0,0
Pierre-Emerick Aubameyang,82,111,1053,203,56,70,22,26,2,4,0.2,4,2,2,1
Ludwig Augustinsson,26,43,421,176,13,16,10,16,2,8,0.0,0,0,0,0
Serge Aurier,667,943,10182,4393,373,454,236,333,41,94,0.9,10,44,13,6
Taiwo Awoniyi,143,223,1675,300,96,133,34,52,2,8,0.3,10,6,2,0
Yasin Ayari,20,23,386,133,10,12,6,6,4,4,0.3,2,4,1,0
Andr? Ayew,53,73,686,146,38,46,13,21,0,1,0.0,1,3,1,0
Jordan Ayew,676,875,8710,1706,434,495,192,246,15,40,2.6,31,34,19,6
Luke Ayling,786,1132,12523,6236,439,508,267,374,62,155,2.2,12,61,18,10
C?sar Azpilicueta,872,1065,12891,4354,501,538,337,414,21,74,1.3,12,40,19,5
Beno?t Badiashile,769,860,14061,5150,284,315,419,448,58,83,0.2,3,47,5,0
Leon Bailey,337,547,5379,1285,190,248,97,154,35,75,4.8,30,19,21,15
Stefan Bajcetic,200,258,3227,694,98,118,74,89,18,29,0.5,4,17,7,1
Dominic Ballard,5,7,55,5,3,4,2,2,0,0,0.0,0,0,0,0
Patrick Bamford,229,333,2421,537,166,211,35,64,2,8,0.9,12,18,9,0
Shandon Baptiste,247,295,4143,1121,127,142,92,104,21,32,0.5,10,22,8,2
Harvey Barnes,549,786,7152,2004,363,462,142,210,17,37,2.2,19,39,31,5
Gavin Bazunu,718,1178,21528,16289,183,185,256,263,278,722,0.1,1,42,1,0
Mads Bech S?rensen,7,11,142,49,3,3,3,4,1,4,0.0,0,2,0,0
Jan Bednarek,753,902,13941,5608,293,337,380,417,72,124,0.2,3,33,1,0
Jan Bednarek1,60,66,1249,418,16,17,33,35,10,12,0.0,0,4,0,0
Donny van de Beek,46,61,502,115,31,34,8,8,1,2,0.1,3,0,4,0
Asmir Begovi?,21,30,584,423,3,3,10,10,8,17,0.0,0,0,0,0
Armel Bella Kotchap,749,937,13980,4521,290,325,384,424,67,159,0.5,6,32,4,0
Sa?d Benrahma,597,796,8154,2088,374,425,176,241,25,61,3.3,48,32,23,12
Rodrigo Bentancur,738,880,11482,3178,368,413,301,336,39,70,0.7,11,54,9,4
Daniel Bentley,61,80,1540,927,12,12,34,34,15,34,0.0,0,0,0,0
Victor Bernth Kristiansen,327,496,5252,2353,176,209,124,191,24,67,0.6,7,29,4,3
Owen Bevan,2,3,38,7,1,1,1,1,0,0,0.0,0,0,0,0
Giulian Biancone,15,21,253,126,6,7,8,10,1,3,0.0,0,0,0,0
Philip Billing,813,1055,11823,3165,460,542,257,317,45,94,2.6,26,49,9,3
Yves Bissouma,666,733,10412,2333,340,357,271,289,38,48,0.4,8,55,5,1
Willy Boly,194,258,3706,1660,63,77,107,126,20,47,0.3,1,8,0,0
Sven Botman,1527,1765,30660,11233,480,543,855,929,178,258,1.1,9,59,4,1
Jarrod Bowen,552,881,8725,2552,312,385,170,225,52,164,6.0,48,39,24,9
James Bree,133,178,1971,741,75,92,43,56,8,16,0.2,4,5,5,4
Armando Broja,33,53,466,54,21,33,9,15,2,3,0.1,1,1,1,0
David Brooks,46,63,640,140,30,32,13,16,2,9,0.2,2,4,1,0
Lewis Brunt,17,21,283,57,7,8,10,11,0,1,0.0,0,0,0,0
Emi Buend?a,787,1020,12082,3091,434,513,255,323,63,90,4.2,41,84,41,0
Hugo Bueno,547,679,7697,2227,340,369,174,214,19,54,1.0,16,24,10,6
Facundo Buonanotte,157,194,2407,525,101,114,36,46,17,21,0.4,6,9,10,2
Dan Burn,1361,1715,22235,8853,673,765,566,682,94,183,1.3,16,102,11,2
Caf?,2,2,45,41,0,0,2,2,0,0,0.0,0,1,0,0
Mois?s Caicedo,1993,2251,30177,8036,1112,1202,683,755,126,159,2.5,43,181,35,7
Tom Cairney,632,750,10133,2428,326,352,230,264,51,84,1.5,12,70,19,5
Duje ?aleta-Car,480,568,9398,3504,155,173,268,289,53,93,0.2,1,26,0,0
Dominic Calvert-Lewin,131,221,1575,318,83,125,29,54,5,8,0.8,9,13,4,0
Chem Campbell,23,32,344,64,10,11,13,14,0,5,0.0,0,2,0,0
Jo?o Cancelo,1036,1220,16674,4147,578,621,363,430,81,123,1.5,12,80,36,9
Thomas Cannon,4,5,37,0,3,4,1,1,0,0,0.0,1,0,0,0
Sergi Can?s,23,43,268,76,14,18,4,15,1,2,0.0,1,2,1,0
Diego Carlos,112,142,2338,881,35,41,60,71,17,28,0.1,1,9,1,0
Fabio Carvalho,117,143,1555,281,72,84,30,37,5,6,0.3,1,7,2,0
Casemiro,1114,1439,19801,7351,515,614,446,545,126,204,3.9,28,136,23,4
Matty Cash,777,1006,13672,4595,345,384,361,441,61,139,0.9,8,57,15,9
Timothy Castagne,1470,1836,21125,8419,895,998,470,586,60,132,2.2,22,89,20,10
Jonny Castro,701,832,11101,3638,382,419,264,305,44,62,0.8,5,60,10,2
Nathaniel Chalobah,4,5,67,9,2,2,2,2,0,0,0.0,0,1,0,0
Trevoh Chalobah,1051,1200,18603,5316,419,467,551,594,70,107,0.3,4,64,3,1
Calum Chambers,157,207,2924,1310,66,76,77,94,14,31,0.2,2,9,2,1
Shea Charles,23,25,456,106,7,8,13,13,3,3,0.0,0,3,0,0
Ben Chilwell,762,977,10963,3238,469,507,223,284,42,123,2.4,21,42,10,7
Ryan Christie,521,651,8356,2028,279,327,175,196,47,81,2.0,30,43,19,2
Carney Chukwuemeka,179,203,2291,502,126,140,33,37,8,8,0.6,8,11,7,2
Bobby Clark,1,1,29,17,0,0,1,1,0,0,0.1,0,0,1,0
Nathaniel Clyne,654,832,10205,3887,341,386,283,346,24,73,0.6,7,51,6,5
Conor Coady,1025,1209,21731,8337,284,302,578,622,155,267,0.5,4,73,3,1
Jack Colback,119,143,1936,446,61,71,48,55,8,11,0.2,2,12,3,1
S?amus Coleman,597,789,9624,3826,306,350,237,299,42,99,0.9,4,35,18,7
Nathan Collins,1001,1138,20045,6918,304,332,566,610,114,168,0.2,2,68,2,0
Levi Colwill,1027,1165,17912,7475,431,468,501,552,75,106,0.3,7,78,3,0
Lewis Cook,593,751,9922,3136,291,330,238,274,48,93,2.3,24,55,14,9
Steve Cook,369,459,7884,2511,80,99,234,261,51,91,0.6,3,18,2,1
Liam Cooper,620,789,11491,4568,241,274,318,376,52,117,0.3,5,49,1,1
Maxwel Cornet,72,97,942,166,47,54,19,27,2,2,0.1,1,3,1,1
Diego Costa,158,221,1870,312,93,118,45,56,2,5,0.7,11,9,4,0
Vladim?r Coufal,730,1174,12756,6471,347,421,279,438,83,226,1.7,26,68,19,14
Philippe Coutinho,288,384,4081,976,180,210,82,112,17,36,0.8,8,30,8,2
Conor Coventry,0,0,0,0,0,0,0,0,0,0,0.0,0,0,0,0
Matthew Craig,5,6,65,1,4,4,1,2,0,0,0.0,0,0,0,0
Aaron Cresswell,1127,1448,18285,8587,626,670,387,497,100,206,2.9,40,91,28,15
Marc Cucurella,1090,1293,16587,5116,600,647,396,453,59,110,0.9,11,77,12,6
Matheus Cunha,171,234,2140,353,105,132,38,53,9,17,0.2,7,5,3,0
Patson Daka,195,295,2605,439,118,157,55,85,8,12,1.7,17,7,8,1
Diogo Dalot,1141,1441,20816,6349,468,527,543,639,113,205,1.5,29,82,28,13
Mikkel Damsgaard,275,407,4023,1438,156,193,92,132,16,44,1.3,11,36,10,1
Danilo,148,235,2539,979,77,97,53,73,16,34,0.6,9,24,7,0
Arnaut Danjuma,39,56,514,107,29,35,8,10,2,2,0.1,1,5,2,2
Josh Dasilva,491,617,8103,1954,255,291,187,217,40,70,1.6,12,35,24,5
David Datro Fofana,7,9,122,82,4,5,2,2,1,1,0.1,3,0,2,0
Ben Davies,1040,1281,17332,5962,500,559,445,514,69,136,1.5,20,79,9,6
Tom Davies,173,234,2879,850,87,111,64,76,16,29,0.3,2,25,2,0
Craig Dawson,245,310,5404,2170,74,86,121,137,48,79,0.1,1,25,0,0
Craig Dawson1,780,926,16202,5539,231,257,419,455,122,193,0.2,1,51,3,0
Kevin De Bruyne,1192,1626,22165,6516,538,633,477,629,160,275,14.1,96,124,96,21
Siriki Demb?l?,37,47,543,223,22,29,10,13,2,2,0.2,4,2,3,2
Leander Dendoncker,248,284,3948,809,119,128,111,121,11,18,0.1,5,17,0,0
Leander Dendoncker1,86,99,1466,282,45,50,32,32,8,8,0.0,2,4,1,1
Emmanuel Dennis,124,183,1860,382,72,93,40,58,8,11,0.4,7,7,4,2
Halil Dervi?o?lu,0,0,0,0,0,0,0,0,0,0,0.0,0,0,0,0
Kiernan Dewsbury-Hall,872,1154,14495,3746,448,526,311,389,84,161,2.6,39,111,23,4
Ibrahima Diallo,317,402,4768,1064,181,206,112,139,16,34,0.1,4,24,2,0
R?ben Dias,1928,2080,35553,12572,696,726,1074,1122,143,203,0.3,3,135,0,0
Luis D?az,376,462,5698,1124,215,256,127,150,25,27,1.3,13,25,13,1
Eric Dier,1708,2001,32594,12717,636,688,866,934,179,317,0.6,7,76,8,3
Lucas Digne,696,927,11016,4245,387,432,247,337,49,105,1.9,18,40,23,14
Issa Diop,1216,1399,23784,7827,386,427,710,761,112,189,0.5,2,69,4,0
Moussa Djenepo,179,244,2605,772,104,119,60,83,8,20,0.4,9,13,5,3
Ben Doak,10,14,86,17,9,10,0,1,0,1,0.0,0,0,0,0
Matt Doherty,329,408,4896,1222,190,204,107,137,18,35,0.3,6,14,5,3
Abdoulaye Doucour?,430,548,5637,1333,262,317,140,170,7,13,1.4,22,29,10,0
Cheick Doucour?,1038,1247,17432,5352,478,535,460,530,75,104,1.2,26,110,11,1
Flynn Downes,289,331,4062,921,183,194,86,97,10,14,0.1,2,25,1,0
Kami Doyle,5,5,74,0,3,3,2,2,0,0,0.0,0,0,0,0
Cody Drameh,30,38,457,153,17,21,11,12,2,5,0.0,0,2,0,0
Martin D?bravka,49,54,1046,696,21,21,19,19,8,13,0.0,0,1,0,0
Shane Duffy,16,20,308,61,5,5,9,10,2,4,0.0,0,0,0,0
Lewis Dunk,2911,3223,54839,19942,1066,1128,1525,1600,279,428,0.9,9,178,9,1
Jhon Dur?n,16,29,264,47,8,12,7,12,1,2,0.0,1,1,1,0
Malcolm Ebiowei,5,10,98,16,2,4,2,2,1,2,0.0,0,0,0,0
Ederson,1079,1257,26248,17275,237,239,563,572,278,442,0.2,1,13,0,0
Odsonne ?douard,295,412,3307,535,212,266,54,86,5,10,0.8,17,9,9,0
Samuel Edozie,111,164,1348,354,75,93,22,34,5,10,0.4,8,6,6,1
Anthony Elanga,95,130,1201,298,65,86,23,32,3,3,1.0,6,3,3,0
Harvey Elliott,809,1009,12346,3197,442,494,296,363,45,85,4.3,26,68,41,6
Mohamed Elneny,57,60,1031,224,23,23,27,29,6,6,0.0,0,3,2,0
Mohamed Elyounoussi,426,633,5950,1637,272,348,108,167,28,56,1.7,18,32,19,6
Emerson,848,1060,13378,3797,437,482,330,392,53,93,1.0,9,58,17,3
Julio Enciso,179,258,2242,548,126,167,45,66,3,8,1.4,13,14,9,0
Christian Eriksen,1203,1485,19681,6193,629,700,429,502,105,198,3.4,36,149,27,5
Pervis Estupi??n,1576,1926,22843,7059,922,1017,545,661,60,110,4.1,51,103,44,19
Jonny Evans,690,789,13684,5215,211,227,400,430,73,114,0.2,1,43,2,0
Eberechi Eze,923,1178,14106,3902,531,607,294,353,67,148,3.1,57,88,35,2
?ukasz Fabia?ski,598,930,18882,15094,117,117,225,228,254,579,0.0,0,12,0,0
Fabinho,1617,1832,26192,6163,817,882,627,680,125,180,1.9,17,131,17,0
Wout Faes,1581,1846,29211,10369,593,654,859,939,116,218,0.6,9,70,5,0
Felipe,411,568,7998,3250,154,187,198,240,50,112,0.8,7,17,2,0
Jo?o F?lix,274,356,4034,1122,172,194,74,101,20,39,1.0,7,29,17,1
Evan Ferguson,180,225,2299,340,131,153,42,52,4,7,0.5,11,4,6,0
Bruno Fernandes,1498,2030,25425,8933,767,897,495,633,181,331,10.7,119,148,89,10
Enzo Fern?ndez,1269,1440,24396,7284,504,549,546,604,193,240,2.7,20,164,25,0
Roberto Firmino,444,566,5932,1908,277,324,123,155,18,26,2.2,21,47,19,1
Junior Firpo,454,621,7182,3286,230,278,199,253,20,55,0.7,8,38,9,4
Phil Foden,904,1111,13670,2403,527,577,287,343,55,103,4.8,43,38,37,9
Wesley Fofana,117,140,1995,559,44,44,64,74,6,13,0.0,0,16,0,0
Wesley Fofana1,779,872,12895,3325,346,367,394,430,27,53,0.3,2,50,2,0
Pablo Fornals,557,771,9313,2676,261,300,208,277,61,124,2.0,20,60,12,4
Adam Forshaw,196,244,3318,1127,102,111,59,67,28,51,0.6,8,30,4,2
Fraser Forster,266,363,6319,4013,79,79,125,127,61,154,0.0,0,2,0,0
Tyrese Francois,2,2,12,2,1,1,0,0,0,0,0.0,0,1,0,0
Ryan Fraser,85,122,1228,289,50,59,28,41,3,8,0.3,5,4,4,1
Fred,618,781,9392,2767,344,398,197,234,48,77,1.8,30,65,11,2
Ryan Fredericks,149,220,2139,735,85,96,55,88,4,15,0.3,1,5,6,1
Remo Freuler,664,836,9828,3216,371,429,238,285,30,66,0.7,12,47,6,3
Cody Gakpo,293,392,3928,1110,168,208,91,119,11,20,1.9,23,33,11,1
Conor Gallagher,706,871,10444,2483,399,447,243,290,32,58,1.7,21,67,20,5
Idrissa Gana Gueye,1025,1226,16238,4278,525,583,419,476,57,105,0.8,12,111,5,0
Alejandro Garnacho,150,187,1802,233,113,131,27,30,4,5,0.9,3,2,2,0
James Garner,256,353,4066,1400,131,152,99,124,16,50,0.5,7,22,6,2
David de Gea,866,1218,22585,16134,199,199,402,410,260,596,0.2,1,7,1,0
Joe Gelhardt,43,67,518,118,23,30,11,17,2,2,0.4,2,3,1,0
Saman Ghoddos,59,79,953,286,32,36,21,25,6,17,0.3,4,5,1,0
Morgan Gibbs-White,75,95,1122,345,47,58,17,21,7,9,0.2,1,10,1,0
Morgan Gibbs-White1,659,1078,10717,3931,351,466,195,279,84,229,6.2,66,70,40,5
Bryan Gil,47,60,638,92,26,32,14,16,2,4,0.1,2,3,2,0
Billy Gilmour,364,408,5781,1399,188,205,144,152,26,37,0.8,2,30,6,0
Wilfried Gnonto,370,512,4823,1234,230,270,104,137,12,24,2.2,22,12,19,5
Ben Godfrey,182,281,3067,1252,90,111,73,111,16,41,0.1,3,24,1,1
Jo?o Gomes,250,322,3832,878,138,159,91,121,14,24,0.1,5,18,0,0
Toti Gomes,460,555,7615,2848,221,256,202,229,28,53,0.3,4,27,8,4
Joe Gomez,1166,1361,23380,7637,336,379,686,745,127,197,0.7,1,121,4,0
Sergio G?mez,279,317,4074,977,154,165,105,114,11,17,1.1,5,24,3,0
Anthony Gordon,162,198,2222,547,105,115,44,54,7,12,0.9,6,11,5,0
Anthony Gordon1,193,280,2905,625,110,135,66,89,11,27,0.5,8,8,11,2
Demarai Gray,579,838,9843,2215,289,328,191,252,72,179,3.8,37,30,18,7
Jack Grealish,902,1072,13270,2584,539,588,295,337,41,66,6.7,50,28,48,2
Sam Greenwood,107,186,1951,888,55,64,28,58,21,57,1.1,13,14,1,0
Pascal Gro?,1879,2347,30182,8776,988,1079,681,809,147,316,8.8,80,157,69,13
Vicente Guaita,610,845,15748,10443,159,161,258,263,182,405,0.0,0,3,0,0
Gon?alo Guedes,138,201,2297,526,82,97,40,56,13,26,0.5,9,11,8,2
Marc Gu?hi,1883,2208,38404,14329,584,642,1074,1152,216,384,0.8,10,148,5,0
Bruno Guimar?es,1387,1668,24038,6632,659,741,539,614,149,216,3.9,42,147,54,2
?lkay G?ndo?an,1374,1578,21396,4941,746,819,492,543,99,130,4.4,37,143,35,1
Darko Gyabi,4,4,72,17,1,1,3,3,0,0,0.0,0,0,0,0
Erling Haaland,360,500,4403,947,218,276,100,132,7,9,3.1,29,14,23,0
Lewis Hall,343,427,5932,1759,182,202,121,150,38,58,1.4,14,25,9,4
Luke Harris,13,14,172,25,9,9,4,5,0,0,0.0,0,1,0,0
Jack Harrison,732,1150,10776,4115,443,544,189,316,60,165,5.1,53,57,51,21
Kai Havertz,727,894,9347,1882,458,540,195,221,23,32,2.8,38,49,26,2
Jan Paul van Hecke,232,248,4285,1480,72,76,144,148,12,15,0.0,0,22,0,0
Hwang Hee-chan,214,280,3139,653,122,147,73,88,10,16,0.6,10,9,10,1
Dean Henderson,425,671,12543,8838,80,80,186,188,159,400,0.0,0,11,1,0
Jordan Henderson,1341,1615,22431,5954,666,734,513,594,122,193,3.6,31,158,47,12
Wayne Hennessey,61,99,2134,1661,5,5,29,29,27,63,0.0,0,3,0,0
Rico Henry,876,1203,14087,4856,469,544,314,418,72,169,2.9,23,73,41,18
Son Heung-min,680,909,9315,2506,410,477,191,249,36,90,4.5,61,32,32,6
Aaron Hickey,695,838,10998,3275,373,411,265,310,46,80,0.6,6,62,13,4
Jack Hinshelwood,1,3,13,0,1,2,0,0,0,0,0.0,0,0,0,0
Joseph Hodge,80,100,1236,389,47,51,24,27,5,8,0.0,1,9,1,0
Rob Holding,382,442,7494,2701,141,152,191,207,46,69,0.1,0,23,1,0
Mason Holgate,143,217,2843,831,51,63,69,87,21,58,0.2,6,12,3,1
Will Hughes,296,373,4161,1158,176,201,98,121,12,25,0.7,6,29,6,0
Omari Hutchinson,9,13,124,9,7,8,1,1,1,2,0.1,1,0,0,0
Pierre H?jbjerg,2021,2292,36323,9705,897,970,814,895,242,314,3.2,30,207,35,5
Kelechi Iheanacho,236,316,3049,602,156,189,54,67,11,22,1.8,22,21,8,0
Danny Ings,92,148,1111,302,62,89,15,23,5,13,0.9,6,11,2,0
Danny Ings1,114,162,1371,289,76,97,27,34,3,12,0.6,9,7,4,0
Alexander Isak,279,368,4292,977,151,192,87,106,25,28,1.4,16,29,15,0
Daniel Iversen,212,377,5408,3761,65,65,93,95,53,213,0.0,0,6,0,0
Alex Iwobi,1154,1536,20102,6570,547,648,435,555,132,220,4.3,64,134,63,17
Daniel James,24,40,256,66,18,22,5,10,0,3,0.3,1,1,3,1
Daniel James1,120,186,1575,315,80,97,27,44,4,13,0.5,7,2,8,3
Reece James,891,1051,14345,4119,468,499,337,395,67,109,2.9,21,60,24,6
Vitaly Janelt,812,1020,14151,3894,411,466,298,360,90,139,1.5,16,75,19,8
Pontus Jansson,257,321,5004,1738,81,98,147,167,28,45,0.1,0,11,0,0
Mathias Jensen,1088,1566,21665,8457,471,559,398,555,191,372,4.7,48,117,38,16
Gabriel Jesus,561,699,8525,1644,297,349,206,234,28,45,2.9,31,31,22,2
Ra?l Jim?nez,140,198,1933,349,86,109,35,50,10,18,0.6,8,8,7,1
Joelinton,1035,1268,15180,4014,581,668,338,390,59,75,1.9,26,78,21,3
Ben Johnson,395,535,6958,2496,177,202,175,217,35,85,0.4,3,27,10,5
Brennan Johnson,291,505,4220,809,155,223,103,177,15,34,1.9,28,12,18,6
Sam Johnstone,207,280,5239,3382,41,41,117,118,49,120,0.0,0,3,0,0
Curtis Jones,611,677,9160,1895,334,355,233,250,25,32,1.4,14,53,14,1
Jorginho,641,736,10809,3031,279,311,305,334,41,61,0.6,5,84,12,0
Jorginho1,749,884,11991,3508,379,421,301,348,51,74,0.4,7,87,9,0
Mateo Joseph,2,3,13,0,1,2,0,0,0,0,0.0,0,0,0,0
Diogo Jota,286,381,3868,886,172,216,87,109,10,20,1.7,17,28,8,2
Hamed Junior Traor?,109,178,1850,775,55,72,35,56,13,33,1.1,14,11,10,3
James Justin,667,819,10404,3063,371,408,239,282,39,81,0.5,7,48,12,7
Mathias J?rgensen,404,503,6929,3051,181,203,197,240,20,49,0.2,3,30,0,0
Sasa Kalajdzic,2,4,26,0,1,2,1,1,0,0,0.0,0,0,0,0
Boubacar Kamara,798,941,13161,3895,395,441,303,334,67,95,0.7,7,61,6,0
Harry Kane,642,921,12295,4345,286,368,236,302,103,164,4.0,57,100,47,6
N'Golo Kant?,271,338,3935,1033,168,190,84,100,12,24,0.8,13,23,11,3
Michael Keane,305,441,5849,2983,115,146,147,179,39,93,0.8,3,33,2,0
Neeskens Kebano,155,212,2079,517,93,106,43,58,6,13,0.9,13,2,9,3
Thilo Kehrer,927,1112,16374,6006,393,447,456,510,68,119,0.8,8,59,4,1
Naby Ke?ta,129,168,1820,590,75,87,43,54,6,8,0.2,8,15,2,0
Caoimh?n Kelleher,23,24,539,344,7,7,12,12,4,5,0.0,0,1,0,0
Lloyd Kelly,934,1164,17585,7174,352,387,461,510,104,227,0.8,7,73,9,3
Max Kilman,1748,2107,34713,12450,574,621,964,1046,189,384,0.6,4,133,7,2
Jakub Kiwior,177,205,3030,924,62,70,104,109,7,15,0.0,1,6,0,0
Mateusz Klich,108,148,1411,387,61,69,28,34,5,17,0.2,5,6,5,0
Robin Koch,1229,1594,23945,10673,409,485,665,772,141,285,0.5,6,121,7,0
Ibrahima Konat?,988,1135,17712,6925,374,413,539,588,59,109,0.8,1,56,2,0
Ezri Konsa,1681,1898,30731,10578,608,663,938,997,120,202,0.7,8,70,4,2
Kalidou Koulibaly,1275,1471,22422,9023,564,598,595,653,96,175,0.4,7,83,9,1
Cheikhou Kouyat?,185,246,2908,882,90,120,62,74,18,25,0.3,7,13,2,0
Mateo Kova?i?,1130,1319,18537,5579,555,614,470,522,76,120,2.1,23,158,23,1
Emil Krafth,0,0,0,0,0,0,0,0,0,0,0.0,0,0,0,0
Rasmus Kristensen,740,1044,12326,5355,364,435,310,410,52,134,0.9,9,63,16,2
Dejan Kulusevski,582,746,8120,2005,355,410,179,226,25,51,4.8,47,14,38,11
Layvin Kurzawa,28,41,408,135,12,13,14,19,0,3,0.0,0,1,1,1
Adam Lallana,262,317,3033,656,173,194,57,74,6,9,1.2,14,23,9,1
Tariq Lamptey,239,302,3509,854,130,149,96,116,5,21,0.7,4,14,8,5
Manuel Lanzini,146,175,2221,522,82,94,48,53,11,17,0.3,1,13,3,0
Aymeric Laporte,892,964,14630,4347,441,463,387,405,52,74,0.4,5,87,7,0
Juan Larios,63,82,881,326,40,46,21,27,2,4,0.0,0,5,0,0
Jamaal Lascelles,79,93,1445,580,29,34,40,44,7,11,0.0,0,4,0,0
Rom?o Lavia,859,997,14815,3986,386,425,389,426,68,93,0.6,16,101,9,0
Dexter Lembikisa,10,13,180,73,5,5,5,5,0,0,0.0,0,2,0,0
Mario Lemina,566,651,10051,2917,241,269,267,289,51,72,0.5,3,31,5,1
Cl?ment Lenglet,1270,1465,23668,8588,484,501,637,701,129,219,0.8,6,80,11,5
Bernd Leno,1110,1397,26975,16383,234,235,651,655,223,503,0.0,1,11,0,0
Jefferson Lerma,1317,1611,20458,7229,695,793,502,581,77,146,3.1,18,126,23,2
Jamal Lewis,12,14,192,71,3,3,8,9,0,0,0.0,0,0,0,0
Rico Lewis,617,675,8779,1476,378,400,203,219,19,23,1.6,12,38,10,3
Keane Lewis-Potter,49,86,600,118,33,50,12,17,1,10,0.3,5,2,3,1
Victor Lindel?f,866,930,15313,4622,318,336,479,495,54,76,0.4,3,35,2,0
Jesse Lingard,236,297,3558,897,121,137,88,104,14,28,0.5,11,27,7,1
Valentino Livramento,21,26,302,93,10,13,11,11,0,1,0.0,0,1,0,0
Diego Llorente,356,429,6969,2284,118,130,203,228,33,59,0.0,0,17,0,0
Hugo Lloris,561,728,13442,8398,174,177,241,242,146,305,0.0,0,13,0,0
Renan Lodi,583,877,10215,3529,272,323,242,339,57,162,1.3,13,25,14,8
Ruben Loftus-Cheek,782,907,11417,2878,475,530,263,291,29,37,1.8,16,78,18,1
Sean Longstaff,943,1163,15457,4299,470,538,362,415,78,129,2.6,23,80,21,5
Jamal Lowe,2,4,18,3,1,1,0,0,0,1,0.0,0,0,1,0
Douglas Luiz,1494,1812,26492,6527,614,681,664,767,158,277,2.9,45,123,19,4
Sa?a Luki?,192,218,3180,681,86,97,91,99,12,16,0.1,0,20,2,1
Lyanco,400,558,7719,2787,137,163,208,263,44,110,0.1,4,31,3,1
Alexis Mac Allister,1586,1844,24936,6259,847,930,591,653,101,148,4.4,47,151,33,1
James Maddison,844,1150,14244,4356,417,481,300,395,93,186,5.7,69,117,27,4
Noni Madueke,223,286,2972,771,137,162,66,86,8,12,0.7,13,11,13,0
Gabriel Magalh?es,2155,2411,38355,13522,870,922,1111,1180,150,246,0.6,5,171,3,0
Harry Maguire,491,577,9892,3056,147,165,276,304,58,93,0.1,1,31,0,0
Riyad Mahrez,958,1166,15746,2752,506,567,355,416,82,141,5.3,52,36,37,7
Kobbie Mainoo,7,8,83,31,5,6,2,2,0,0,0.1,0,1,1,0
Ainsley Maitland-Niles,565,713,9322,3245,288,331,214,258,50,84,0.7,10,52,12,5
Tyrell Malacia,694,802,10156,2981,429,463,205,232,35,60,0.7,9,36,8,0
Orel Mangala,411,514,6178,1807,223,256,153,183,22,42,0.5,3,35,3,0
Javier Manquillo,24,29,400,114,13,14,9,12,2,2,0.0,0,1,0,0
Sekou Mara,68,107,876,162,44,59,14,18,4,7,0.3,6,6,2,0
Solly March,951,1312,17051,4026,443,526,367,481,113,208,6.3,67,63,52,15
Emiliano Marcondes,1,1,56,37,0,0,0,0,1,1,0.0,0,1,0,0
Marquinhos,2,3,34,5,1,2,1,1,0,0,0.0,0,0,0,0
Anthony Martial,263,328,3259,910,173,198,61,73,9,14,1.4,12,14,13,0
Gabriel Martinelli,833,1107,12960,2610,447,527,295,356,61,123,7.0,59,33,43,10
Emiliano Mart?nez,1026,1388,27095,17857,218,219,520,527,286,633,0.3,2,21,0,0
Lisandro Mart?nez,1330,1528,23895,8188,532,568,683,728,96,193,1.0,6,92,5,0
Pape Matar Sarr,141,154,2130,449,70,73,62,65,3,8,0.0,2,9,0,0
Jean-Philippe Mateta,104,149,1196,155,70,92,19,28,4,5,0.2,5,4,1,1
Jo?l Matip,766,885,13750,4547,305,349,395,428,57,85,0.4,4,53,7,0
Neal Maupay,190,253,2500,217,125,151,49,63,7,9,0.3,7,8,2,0
Kevin Mbabu,68,94,1051,383,40,43,24,35,4,9,0.4,2,4,5,3
Bryan Mbeumo,655,991,10466,3238,376,456,185,287,71,151,5.6,51,37,45,13
James McArthur,41,52,596,129,24,29,16,18,1,3,0.0,0,0,0,0
Alex McCarthy,150,249,3585,2452,45,47,64,66,40,132,0.0,0,5,0,0
John McGinn,805,1028,14385,4830,374,430,309,373,101,165,3.3,18,114,20,5
Scott McKenna,569,727,11331,4319,163,195,334,394,66,122,0.4,8,35,3,1
Weston McKennie,472,628,7648,2686,246,302,154,197,47,79,0.5,13,50,15,3
Dwight McNeil,656,987,11288,3797,335,391,208,278,87,212,5.4,49,45,27,14
Scott McTominay,355,432,5433,1549,194,224,122,141,25,36,1.0,8,32,5,1
Ben Mee,1348,1761,25834,10693,520,609,648,784,169,316,0.8,8,86,7,1
Edouard Mendy,233,289,5287,3583,79,79,97,98,53,108,0.0,0,4,0,0
Nampalys Mendy,362,413,5580,1124,189,204,143,156,20,27,0.1,2,20,3,0
Chris Mepham,870,1041,16273,5694,309,346,478,525,75,142,0.6,4,42,2,0
Illan Meslier,664,1039,16770,10937,144,148,354,359,162,523,0.0,0,13,1,0
Alex Mighten,1,1,11,0,1,1,0,0,0,0,0.0,0,0,0,0
Lewis Miley,5,6,49,6,3,4,1,1,0,0,0.0,0,0,0,0
Luka Milivojevi?,207,260,3587,1136,89,101,89,107,20,37,0.2,2,17,2,1
James Milner,563,727,9891,3403,261,291,238,279,52,112,1.6,13,61,15,5
Yerry Mina,286,325,4935,1808,117,125,146,161,17,27,0.2,1,15,1,0
Tyrone Mings,1617,1899,30932,11677,532,586,913,984,153,286,0.9,5,106,6,0
Tyrick Mitchell,1152,1607,18235,8262,600,710,483,635,53,169,1.2,15,90,21,9
Kaoru Mitoma,780,977,10673,2356,507,570,214,268,30,53,4.9,41,45,28,1
Aleksandar Mitrovi?,299,496,4671,970,172,257,85,132,31,52,1.3,16,26,10,1
Kieffer Moore,212,360,2944,495,119,193,62,95,11,20,0.5,5,16,6,0
Andrew Moran,1,2,13,0,1,1,0,1,0,0,0.0,0,0,0,0
?lex Moreno,581,745,8524,2588,320,374,216,266,24,42,2.6,22,15,30,14
Mason Mount,585,778,8688,2236,350,409,165,216,44,84,2.8,30,55,27,5
Lucas Moura,62,89,831,264,39,50,21,26,0,3,0.4,4,3,5,1
Jo?o Moutinho,850,1057,15648,4124,323,362,412,480,91,147,1.9,36,105,23,4
Divin Mubama,5,8,108,37,2,2,2,4,1,1,0.0,1,0,0,0
Mykhailo Mudryk,161,216,2112,668,104,126,35,48,9,23,1.2,10,10,10,0
Jacob Murphy,296,448,4516,1252,177,219,89,131,18,40,3.1,19,20,26,4
Enock Mwepu,61,78,819,126,42,50,15,17,3,5,0.2,3,5,2,0
Vitaliy Mykolenko,966,1292,15199,5874,509,585,365,477,63,147,0.9,19,84,21,11
Keylor Navas,306,534,10310,8282,29,29,136,137,141,363,0.0,0,7,0,0
Wilfred Ndidi,754,899,11486,2879,392,429,304,348,31,67,0.2,3,49,0,0
Reiss Nelson,101,120,1331,213,62,69,29,34,4,7,1.0,9,3,4,2
Neto,521,833,15893,12592,109,111,194,201,211,513,0.0,0,14,2,0
Pedro Neto,284,384,4517,1035,165,186,83,118,27,54,1.6,20,13,9,4
R?ben Neves,1730,2106,36646,10039,578,635,824,926,312,474,1.5,32,202,15,1
Moussa Niakhate,265,391,5245,2626,94,103,129,183,39,90,0.2,1,16,0,0
Eddie Nketiah,205,255,2894,350,131,151,58,69,9,12,1.3,9,9,6,0
Matheus Nunes,818,1028,15035,2954,387,451,290,339,119,173,1.3,27,70,19,7
Darwin N??ez,258,401,3922,852,130,184,80,117,21,30,2.8,28,11,12,1
Ethan Nwaneri,0,0,0,0,0,0,0,0,0,0,0.0,0,0,0,0
Christian N?rgaard,608,812,9879,3427,304,369,252,326,40,74,1.8,12,68,8,2
Lewis O'Brien,166,214,2785,650,72,85,84,103,7,16,0.2,4,19,3,0
Odeluga Offiah,24,30,347,47,14,17,9,12,1,1,0.0,0,2,1,0
Angelo Ogbonna,332,415,6299,2059,100,120,190,217,32,62,0.1,3,8,1,0
Michael Olise,985,1420,16792,5022,518,601,328,444,115,273,6.4,72,72,53,16
Robin Olsen,74,131,2049,1522,17,18,30,30,27,80,0.0,0,2,0,0
Amadou Onana,816,980,13145,3007,420,481,310,354,60,86,1.7,22,77,11,0
Josh Onomah,4,6,54,0,3,3,1,1,0,0,0.0,0,0,0,0
Paul Onuachu,55,91,757,157,35,51,10,20,5,7,0.1,4,4,2,0
Frank Onyeka,193,257,2989,784,106,129,70,88,9,17,0.8,7,23,6,0
Mislav Or?i?,2,3,16,0,2,2,0,0,0,1,0.0,0,0,0,0
Stefan Ortega,145,167,3008,1895,57,58,61,62,27,46,0.0,0,1,0,0
Dango Ouattara,210,334,3297,1069,118,157,68,105,16,37,1.6,18,20,17,8
Alex Oxlade-Chamberlain,75,106,1253,347,39,45,24,34,8,14,0.2,5,8,2,0
David Ozoh,3,3,24,0,3,3,0,0,0,0,0.0,0,0,0,0
Jo?o Palhinha,1051,1274,18222,4336,527,600,396,462,107,157,0.4,7,118,3,0
Cole Palmer,167,193,2377,369,100,105,51,62,6,11,0.5,5,8,7,1
Emerson Palmieri,572,729,7910,2912,367,400,155,195,30,74,0.8,13,37,11,4
Lucas Paquet?,907,1157,14158,4393,476,559,324,394,68,104,2.6,32,98,30,3
Thomas Partey,1731,1985,30132,9207,804,876,712,801,178,240,2.4,26,231,24,2
Nathan Patterson,488,649,7279,2596,284,315,172,230,22,67,0.7,6,21,10,4
Ben Pearson,108,134,1814,501,50,58,45,55,8,15,0.0,0,8,0,0
Facundo Pellistri,15,16,180,17,8,9,5,5,0,0,0.0,0,1,0,0
Andreas Pereira,701,1068,13078,4235,336,419,229,315,116,251,4.1,60,86,22,9
Ricardo Pereira,252,322,4024,1552,130,147,105,125,12,27,0.6,7,25,10,3
Ayoze P?rez,118,171,1698,468,75,89,28,43,9,18,0.6,11,13,6,0
Ivan Peri?i?,713,1121,12565,3575,357,443,249,389,91,210,5.2,48,29,36,24
Romain Perraud,623,885,8776,3419,377,443,200,270,26,91,1.9,15,47,15,8
M?ximo Perrone,18,21,228,32,11,12,5,5,0,0,0.0,0,0,0,0
Cameron Peupion,3,4,33,1,3,4,0,0,0,0,0.0,0,0,0,0
Kalvin Phillips,289,313,5155,873,113,120,148,153,25,33,0.1,3,32,0,0
Nathaniel Phillips,71,82,1364,602,32,34,27,29,9,14,0.0,0,7,0,0
Jordan Pickford,749,1312,25114,19603,158,159,242,247,342,892,0.4,2,57,1,0
Ethan Pinnock,914,1149,16931,5712,333,391,480,559,84,160,1.1,8,43,3,3
Daniel Podence,445,663,7362,2311,227,301,140,209,51,90,2.2,36,35,39,7
Nick Pope,614,890,17068,11723,121,122,275,283,212,478,0.0,2,13,0,0
Pedro Porro,465,648,7553,2604,241,272,168,221,43,98,2.3,25,28,23,14
Dennis Praet,200,270,2897,680,117,138,62,77,13,27,0.4,3,10,5,1
Isaac Price,12,14,203,44,6,7,5,6,1,1,0.0,1,1,0,0
Christian Pulisic,238,301,3262,556,154,177,66,84,10,18,0.4,12,14,3,1
Aaron Ramsdale,761,1111,18974,13109,190,196,383,390,186,519,0.0,0,30,2,0
Jacob Ramsey,728,889,10240,2665,444,500,217,266,34,46,2.9,42,67,28,4
Marcus Rashford,627,817,8886,2180,409,480,146,187,41,64,2.8,30,38,53,2
David Raya,1054,1640,34961,26954,131,135,463,473,459,1026,0.2,2,75,3,0
Tim Ream,1662,1922,35620,12543,420,472,961,1035,267,379,0.3,3,148,0,0
Nathan Redmond,0,1,0,0,0,0,0,1,0,0,0.0,0,0,0,0
Harrison Reed,988,1281,15467,3661,517,612,355,421,76,133,2.0,35,82,29,11
Bobby Reid,636,907,9625,3067,341,416,226,319,34,81,1.6,19,36,38,10
Declan Rice,1846,2135,33652,9456,850,944,735,789,223,324,1.9,37,233,13,3
Chris Richards,169,203,3129,991,66,79,84,96,19,27,0.0,1,15,0,0
Richarlison,196,279,2927,700,109,145,60,82,13,18,1.5,16,16,10,3
Ja?ro Riedewald,34,45,467,137,21,24,13,17,0,2,0.0,0,2,0,0
Matt Ritchie,24,31,342,88,16,16,4,6,3,4,0.0,1,0,0,0
Andrew Robertson,1803,2265,30554,9527,855,943,786,938,137,286,6.5,52,121,33,14
Antonee Robinson,1404,1910,24327,9684,625,725,612,792,137,294,1.8,21,104,42,25
Joel Robles,63,122,2048,1611,6,6,26,27,31,89,0.0,0,2,0,0
Marc Roca,978,1295,16572,6565,495,575,359,450,94,201,2.6,33,157,17,2
Marek Rod?k,29,61,1170,1037,3,3,8,9,17,48,0.0,0,0,0,0
Rodri,2723,2987,49949,11936,1103,1187,1278,1369,300,354,3.5,32,265,33,3
Rodrigo,389,550,5651,1138,219,277,110,158,32,56,1.3,16,23,17,5
Mads Roerslev,194,303,2980,1071,110,143,62,84,15,44,0.8,8,15,7,5
Cristian Romero,1407,1606,25378,9085,562,618,698,746,119,176,1.0,8,87,8,0
Oriol Romeu,28,30,453,79,10,11,15,16,2,2,0.2,0,0,2,0
Cristiano Ronaldo,121,162,1412,258,85,97,27,39,1,5,0.2,6,7,1,0
Connor Ronan,3,4,37,18,2,2,1,2,0,0,0.0,0,3,0,0
Salom?n Rond?n,22,29,203,35,15,21,3,3,0,0,0.1,2,2,1,0
Joe Rothwell,385,457,6524,1662,179,196,154,165,36,68,1.5,8,34,11,1
Georginio Rutter,31,62,439,97,19,33,9,16,2,2,0.2,4,1,2,0
Jos? S?,837,1200,20499,13561,203,206,450,463,182,522,0.0,0,10,0,0
Marcel Sabitzer,237,307,3577,1123,129,157,80,97,15,22,1.3,10,30,7,1
Allan Saint-Maximin,316,447,5087,1599,169,209,106,154,29,41,2.8,31,23,35,4
Bukayo Saka,1054,1430,15405,3694,653,753,292,378,70,164,5.8,75,50,66,12
Mohamed Salah,902,1185,12538,3403,533,648,283,352,38,66,7.2,65,53,80,7
William Saliba,1698,1865,29692,11617,715,767,844,905,108,144,0.3,6,111,3,0
Mohammed Salisu,879,1196,16118,7370,360,412,426,538,86,209,0.5,7,80,7,4
Albert Sambi Lokonga,132,140,2321,539,59,62,60,63,11,12,0.1,1,17,1,0
Albert Sambi Lokonga1,228,264,3763,1080,112,124,96,101,17,28,0.1,1,23,0,0
Davinson S?nchez,515,594,9178,2770,187,201,297,320,24,52,0.2,2,35,1,1
Robert S?nchez,604,781,13655,8845,203,204,283,292,111,270,0.0,0,11,0,0
Jadon Sancho,647,776,7890,1794,450,504,140,164,15,26,4.1,43,23,40,1
Morgan Sanson,5,7,55,12,3,4,1,2,0,0,0.0,0,0,0,0
Pablo Sarabia,252,365,3772,1260,151,176,66,92,22,59,0.8,11,26,15,4
Jeremy Sarmiento,53,67,694,191,32,38,16,19,1,2,0.3,2,4,5,1
Gianluca Scamacca,118,177,2014,378,63,85,31,52,17,21,0.5,13,14,5,1
Gustavo Scarpa,51,78,1112,454,16,19,26,31,8,18,0.0,1,10,0,0
Kevin Schade,103,173,1282,285,62,89,29,51,1,6,0.8,8,8,5,2
Fabian Sch?r,1423,1846,29289,11775,480,560,734,851,199,386,2.1,19,142,23,4
Jeffrey Schlupp,665,900,10562,2798,338,418,254,312,52,104,1.0,18,59,11,0
N?lson Semedo,1211,1499,18149,6122,706,772,427,525,59,126,0.9,11,103,15,5
Antoine Semenyo,38,57,543,153,24,33,11,13,2,4,0.0,2,5,0,0
Marcos Senesi,1064,1322,21380,9358,360,399,551,625,137,245,0.4,5,86,4,1
Ryan Sessegnon,280,390,4093,1075,178,213,81,120,16,29,1.1,6,16,11,3
Luke Shaw,1757,2098,27648,10568,962,1047,641,732,112,205,2.9,34,169,28,14
Jonjo Shelvey,19,26,442,176,5,6,8,10,4,8,0.0,0,4,0,0
Jonjo Shelvey1,221,302,4761,1861,73,86,98,112,47,98,0.8,6,37,8,2
Bernardo Silva,1317,1543,20840,3604,717,771,462,529,92,149,4.0,31,76,35,11
Thiago Silva,1856,2042,34998,13939,678,718,993,1035,172,258,1.0,5,115,13,0
Ellis Simms,38,62,505,105,20,31,9,17,3,3,0.4,2,3,1,0
Luis Sinisterra,273,339,3710,993,161,188,72,84,14,19,0.9,9,18,17,2
Oliver Skipp,660,772,10674,2638,326,354,270,300,42,63,0.4,10,52,7,1
Adam Smith,953,1264,16233,6898,450,513,398,501,88,194,1.5,16,70,28,19
Emile Smith Rowe,74,85,1070,240,44,48,24,28,5,6,0.6,6,3,4,0
C?dric Soares,19,24,257,54,10,10,8,10,0,3,0.0,0,0,0,0
C?dric Soares1,143,186,2394,686,72,78,57,68,13,31,0.2,2,13,4,3
Dominic Solanke,363,533,4673,1106,225,294,101,135,14,24,2.4,21,22,17,1
Manor Solomon,175,207,2474,575,104,117,57,62,7,11,0.7,6,5,8,1
Tom?? Sou?ek,709,994,11602,3417,360,476,255,338,66,106,1.1,15,67,11,6
Boubakary Soumar?,776,902,11579,3059,429,470,276,314,39,57,0.5,11,80,5,1
Harry Souttar,448,555,8500,3295,145,160,265,303,34,76,0.1,3,39,1,0
?a?lar S?y?nc?,241,309,4320,1537,104,115,112,136,22,48,0.0,1,9,0,0
Djed Spence,5,9,60,4,4,5,1,1,0,0,0.0,0,0,0,0
Jack Stacey,74,130,1088,392,42,53,27,50,3,12,0.0,0,6,1,1
Junior Stanislas,22,28,329,71,12,14,9,11,0,1,0.2,2,3,0,0
Jay Stansfield,9,23,82,32,7,8,1,7,0,3,0.0,1,0,0,0
Jason Steele,478,541,9705,6922,179,182,216,222,80,130,0.2,1,2,0,0
Jack Stephens,23,28,398,107,9,10,13,17,1,1,0.0,0,3,0,0
Jack Stephens1,446,543,8713,3133,156,173,233,263,53,94,0.2,3,37,3,2
Raheem Sterling,514,685,6522,1357,326,386,136,179,18,33,3.2,34,26,31,9
John Stones,1453,1563,24351,6789,708,740,625,666,99,124,1.0,8,109,3,0
Pascal Struijk,1046,1320,15839,6757,571,655,396,485,51,104,1.2,14,90,13,4
Kamaldeen Sulemana,189,265,2901,617,103,128,59,75,16,31,1.0,14,11,10,1
Crysencio Summerville,308,411,3839,1067,208,256,72,92,9,24,1.1,16,20,12,2
Sam Surridge,40,81,551,168,25,45,13,24,1,3,0.0,1,4,0,0
Japhet Tanganga,82,92,1323,541,42,46,34,38,5,7,0.0,0,4,1,1
Matt Targett,326,419,5291,2334,162,183,141,162,18,56,0.7,10,19,5,0
James Tarkowski,1322,1633,26359,10115,448,512,693,794,167,297,1.9,15,98,3,0
Marcus Tavernier,510,724,8048,2431,285,339,165,225,40,100,1.3,19,34,16,5
Tet?,186,258,3000,637,102,127,56,76,19,30,0.3,6,16,4,1
Kenny Tete,1110,1530,17550,7197,598,691,403,563,81,165,1.9,23,75,25,18
Luke Thomas,521,654,8116,3439,291,329,194,238,32,57,0.5,5,38,7,2
Youri Tielemans,1303,1623,21370,7448,651,734,501,592,111,208,3.3,30,169,28,7
Kieran Tierney,362,486,6636,2048,152,172,170,215,35,69,0.4,4,35,9,1
Harry Toffolo,242,387,3806,1892,136,166,92,148,11,47,0.9,5,14,7,4
Takehiro Tomiyasu,384,474,6453,2036,173,200,171,199,30,56,0.2,4,41,6,2
James Tomkins,138,171,2645,822,47,55,79,87,12,27,0.0,0,2,0,0
Ivan Toney,468,787,5947,2037,299,424,103,180,24,53,3.5,27,54,26,5
Adama Traor?,325,494,4826,1228,198,264,85,129,25,46,3.2,24,17,22,14
Bertrand Traor?,59,75,868,258,36,40,18,21,3,5,0.1,1,1,5,3
Boubacar Traor?,118,149,1952,617,56,66,55,63,6,11,0.1,1,16,1,0
Mark Travers,281,368,7963,5655,97,97,101,102,82,168,0.0,0,5,0,0
Kieran Trippier,1995,2788,38118,16809,877,992,745,980,333,674,11.8,110,182,97,26
Leandro Trossard,347,452,5770,1501,165,191,133,158,35,59,3.9,22,20,30,5
Leandro Trossard1,379,529,6222,1920,199,236,124,178,40,63,2.1,23,42,25,7
Kostas Tsimikas,474,618,8379,2366,223,255,185,225,56,111,1.3,18,20,7,4
Deniz Undav,122,164,1504,325,84,100,25,36,5,10,1.1,8,8,3,0
Yan Valery,15,23,213,39,9,10,4,6,1,5,0.0,0,1,0,0
Virgil van Dijk,2345,2592,45523,16670,843,900,1236,1306,244,344,1.1,7,156,6,0
Rapha?l Varane,954,1106,17988,5712,319,355,551,597,72,128,0.5,4,82,3,0
Jamie Vardy,137,263,1931,364,69,119,47,88,7,15,0.7,14,7,5,1
Jo?l Veltman,1261,1512,21830,7101,532,594,624,711,84,142,1.1,10,157,13,4
Fabio Vieira,234,290,3557,834,129,142,84,99,9,25,1.4,12,26,7,2
Mat?as Vi?a,140,185,2103,870,84,93,49,63,5,14,0.1,2,10,4,0
R?ben Vinagre,15,24,223,26,7,10,7,10,0,0,0.0,0,2,0,0
Carlos Vin?cius,119,189,1470,387,71,102,32,47,4,9,0.8,7,12,5,1
Theo Walcott,180,262,2284,516,120,151,39,68,4,14,1.7,15,7,7,2
Kyle Walker,1661,1892,29177,8283,744,795,753,826,144,216,0.9,6,189,10,4
Kyle Walker-Peters,1019,1324,14866,5809,607,673,332,440,48,111,2.5,15,71,28,9
Aaron Wan-Bissaka,706,840,9538,3292,448,483,194,240,28,44,0.9,15,48,10,2
Danny Ward,708,945,16865,10488,197,199,352,355,158,383,0.0,0,7,0,0
Joel Ward,921,1223,14816,6577,460,531,375,464,57,157,0.8,9,80,11,6
James Ward-Prowse,1716,2176,28997,8717,834,922,687,809,153,342,5.3,74,177,31,16
Ollie Watkins,391,566,4682,840,261,344,84,122,12,15,2.7,31,23,16,2
Adam Webster,1514,1715,27890,10260,565,612,811,886,125,178,0.4,6,120,5,1
Wout Weghorst,151,207,1773,457,95,121,31,40,5,13,1.2,14,8,1,0
Danny Welbeck,373,442,4456,872,244,275,92,106,5,11,1.7,30,32,15,0
Ben White,1888,2242,31271,10700,893,974,851,972,107,205,3.7,26,226,42,12
Harvey White,3,8,54,21,2,3,0,2,1,3,0.0,0,0,1,1
Joseph Whitworth,61,83,1486,886,12,12,36,37,13,34,0.0,0,0,0,0
Neco Williams,533,840,9565,3461,254,307,196,286,68,177,1.2,15,29,14,9
Willian,712,912,12115,2563,369,429,236,286,86,143,3.1,51,41,30,1
Joe Willock,777,951,12123,3082,434,485,266,310,55,86,4.4,39,91,34,8
Callum Wilson,160,242,1996,339,111,143,33,45,4,11,2.1,23,10,7,0
Harry Wilson,310,404,4943,1086,163,192,105,127,25,46,1.0,12,20,13,1
Yoane Wissa,238,344,3147,601,164,198,51,78,10,27,1.0,13,21,8,0
Maximilian W?ber,483,684,9430,4157,175,221,255,319,50,122,0.4,6,63,3,2
Chris Wood,66,106,786,149,40,67,16,25,4,5,0.3,3,3,1,0
Chris Wood1,43,71,581,139,26,43,14,22,1,2,0.1,3,5,2,0
Joe Worrall,891,1157,18605,7188,265,322,475,560,143,250,0.6,5,75,6,0
Granit Xhaka,1382,1632,22642,5919,675,762,552,635,113,139,4.0,47,148,40,4
Ryan Yates,455,592,7587,1812,204,248,205,237,32,61,0.4,7,26,4,1
Ashley Young,897,1188,16006,6166,415,468,396,490,77,177,0.8,14,82,18,5
Illia Zabarnyi,184,200,3523,1083,55,58,115,121,14,20,0.0,0,13,0,0
Wilfried Zaha,502,650,7047,1594,322,370,148,185,18,37,3.0,26,18,41,3
Denis Zakaria,158,179,2222,571,90,98,54,56,5,6,0.1,1,8,0,0
Jordan Zemura,423,594,6117,3247,242,284,133,187,23,55,2.1,18,32,12,5
Oleksandr Zinchenko,1652,1911,27023,7899,808,876,696,798,105,148,2.4,19,201,41,4
Hakim Ziyech,258,400,4222,1570,148,169,82,133,24,66,1.5,14,20,19,7
Kurt Zouma,701,831,13480,4437,247,271,363,407,79,129,0.1,1,19,2,0
Martin ?degaard,1449,1804,22540,6014,759,873,518,617,110,175,7.9,76,135,91,4
